{"lora_rank": 128, "lora_alpha": 512, "_timestamp": 1729817156.008804, "_runtime": 9.49006199836731, "_step": 0, "_wandb": {"runtime": 16}}