{"lora_rank": 128, "lora_alpha": 512, "_timestamp": 1729816058.145436, "_runtime": 11.588638067245483, "_step": 0, "_wandb": {"runtime": 36}}