{"lora_rank": 128, "lora_alpha": 512, "_timestamp": 1729816125.8855565, "_runtime": 9.507044553756714, "_step": 0, "_wandb": {"runtime": 15}}