{"lora_rank": 128, "lora_alpha": 512, "_timestamp": 1729819473.7611485, "_runtime": 28.97697138786316, "_step": 2, "val/loss": 4.996800422668457, "iter": 0, "train loss": 4.7301435470581055, "lr": 0.00025, "_wandb": {"runtime": 34}}