{"lora_rank": 128, "lora_alpha": 512, "_timestamp": 1729815656.1416583, "_runtime": 9.713244199752808, "_step": 0, "_wandb": {"runtime": 16}}