{"lora_rank": 128, "lora_alpha": 512, "_timestamp": 1729815912.263795, "_runtime": 10.257958889007568, "_step": 0, "_wandb": {"runtime": 116}}