{"lora_rank": 128, "lora_alpha": 512, "_timestamp": 1729815142.2393703, "_runtime": 9.810874462127686, "_step": 0, "_wandb": {"runtime": 17}}