{"lora_rank": 128, "lora_alpha": 512, "_timestamp": 1729815749.1814382, "_runtime": 9.375694274902344, "_step": 0, "_wandb": {"runtime": 136}}