{"lora_rank": 128, "lora_alpha": 512, "_timestamp": 1729814825.490101, "_runtime": 15.09153699874878, "_step": 0, "_wandb": {"runtime": 19}}