{"lora_rank": 128, "lora_alpha": 512, "_timestamp": 1729814977.754767, "_runtime": 9.564833879470825, "_step": 0, "_wandb": {"runtime": 65}}